{
  "model": "bsplinekan",
  "preprocessing": "kan_paper",
  "timestamp": "20260401_103632",
  "val_qwk": 0.618686,
  "duration_s": 46.8,
  "params": {
    "n_layers": 1,
    "width_0": 64,
    "grid_size": 10,
    "lr": 0.0081762870169237,
    "weight_decay": 6.954504546935677e-06,
    "batch_size": 256,
    "widths": [
      64
    ]
  },
  "thresholds": [
    1.0508222866233994,
    2.8940631100362526,
    4.40680853478087,
    5.155614719863002,
    5.731727576191876,
    5.994787564144939,
    6.590156341727159
  ],
  "checkpoint": "/Users/gian1/CODE/HSG/FS26/DeepLearning/DeepLearning/checkpoints/bsplinekan_kan_paper_20260401_103632.pt",
  "training_attrs": {
    "epochs": 21,
    "num_params": 125633,
    "duration_s": 46.8
  }
}