{
  "model": "mlp",
  "preprocessing": "kan_paper",
  "timestamp": "20260401_103908",
  "val_qwk": 0.597399,
  "duration_s": 24.6,
  "params": {
    "n_layers": 1,
    "width_0": 256,
    "dropout": 0.06804529719979258,
    "lr": 0.0015855667878062198,
    "weight_decay": 2.317876749884363e-06,
    "batch_size": 1024,
    "widths": [
      256
    ]
  },
  "thresholds": [
    1.4979643145106993,
    2.7326967622098266,
    4.005393714196778,
    4.84215238174439,
    5.33291324347975,
    5.903261930698342,
    6.514912678025412
  ],
  "checkpoint": "/Users/gian1/CODE/HSG/FS26/DeepLearning/DeepLearning/checkpoints/mlp_kan_paper_20260401_103908.pt",
  "training_attrs": {
    "epochs": 54,
    "num_params": 36865,
    "duration_s": 24.6
  }
}