{
  "model": "mlp",
  "best_qwk": 0.5992,
  "best_params": {
    "n_layers": 3,
    "width_0": 64,
    "width_1": 128,
    "width_2": 512,
    "dropout": 0.03486672785187006,
    "lr": 0.005756470639990483,
    "weight_decay": 1.535875518037987e-06,
    "batch_size": 512
  },
  "total_trials": 50,
  "best_trial_number": 4,
  "best_trial_attrs": {
    "duration": 223.8,
    "epochs": 43,
    "num_params": 84481
  }
}