{
  "model": "mlp",
  "preprocessing": "kan_paper",
  "best_qwk": 0.6129,
  "best_params": {
    "n_layers": 1,
    "width_0": 256,
    "dropout": 0.06804529719979258,
    "lr": 0.0015855667878062198,
    "weight_decay": 2.317876749884363e-06,
    "batch_size": 1024
  },
  "total_trials": 100,
  "best_trial_number": 69,
  "best_trial_attrs": {
    "duration": 65.0,
    "epochs": 90,
    "num_params": 36865
  }
}