{
  "model": "xgb",
  "best_qwk": 0.6212,
  "best_params": {
    "n_estimators": 1620,
    "max_depth": 5,
    "learning_rate": 0.018793590574559673,
    "subsample": 0.6129526544769721,
    "colsample_bytree": 0.8933795664495177,
    "min_child_weight": 5,
    "reg_alpha": 0.024703038832348683,
    "reg_lambda": 0.022476967020187928,
    "gamma": 1.0332632527416508
  },
  "total_trials": 50,
  "best_trial_number": 45,
  "best_trial_attrs": {
    "duration": 7.4,
    "n_estimators": 1620
  }
}