{
  "model": "fourierkan",
  "preprocessing": "kan_paper",
  "timestamp": "20260401_103745",
  "val_qwk": 0.625073,
  "duration_s": 57.2,
  "params": {
    "n_layers": 3,
    "width_0": 64,
    "width_1": 256,
    "width_2": 64,
    "grid_size": 8,
    "lr": 0.0031887242971171403,
    "weight_decay": 2.393884747850709e-05,
    "batch_size": 256,
    "widths": [
      64,
      256,
      64
    ]
  },
  "thresholds": [
    1.591220316261981,
    3.743245523067182,
    4.309659674500331,
    4.618099775272214,
    5.82204553360231,
    6.22497664312829,
    6.998402501535525
  ],
  "checkpoint": "/Users/gian1/CODE/HSG/FS26/DeepLearning/DeepLearning/checkpoints/fourierkan_kan_paper_20260401_103745.pt",
  "training_attrs": {
    "epochs": 26,
    "num_params": 710209,
    "duration_s": 57.2
  }
}